,population_change_total_pct,population_change_annual_pct,aging_ratio_2024_pct,aging_ratio_final_pct,aging_ratio_change_pct,dependency_ratio_final,final_population_millions
baseline,-31.98416568699447,-1.2765476204300685,29.994096673742142,98.84452034767112,68.85042367392899,9363.376104610663,83.72985831018575
pro_natalist,-26.175692156614755,-1.0065075789506661,29.994096673742142,97.09560190863229,67.10150523489014,3763.1932959296796,90.88029130287732
immigration_focused,-30.35457244573313,-1.1986026280834672,29.994096673742142,98.57382601997485,68.57972934623271,7587.983884833896,85.73594428372732
work_life_balance,-27.49243602496369,-1.0658765093275346,29.994096673742142,97.52189451087526,67.52779783713311,4405.123725644218,89.25933379142059
regional_development,-27.901022728780934,-1.0845107369165996,29.994096673742142,98.21988045804359,68.22578378430146,6108.276414757376,88.75634934429014
comprehensive,-23.403574495368083,-0.8847950279303962,29.994096673742142,97.17567638623831,67.18157971249616,3865.2008179572485,94.29286458584541
elder_care_focus,-22.572966350704622,-0.8491547880923878,29.994096673742142,98.50918480479184,68.51508813104971,7297.927384642582,95.31537210878349
