,population_change_total_pct,population_change_annual_pct,aging_ratio_2024_pct,aging_ratio_final_pct,aging_ratio_change_pct,dependency_ratio_final,final_population_millions
baseline,2039523450.5061648,75.2471474209284,38.0952380952381,90.86959560685044,52.77435751161234,1082.943149626909,18959472743.463974
pro_natalist,2061136767.1470516,75.3087370564468,38.0952380952381,90.28418809706137,52.18895000182327,1016.465361788571,19160390790.05728
immigration_focused,2047445726.7689888,75.26979578843293,38.0952380952381,90.73381425654836,52.638576161310255,1066.1437179859427,19033118463.727375
work_life_balance,2057425709.2013366,75.29820649730372,38.0952380952381,90.38282040782954,52.28758231259144,1027.0984967101774,19125892682.91175
regional_development,2056230982.7112575,75.294812414377,38.0952380952381,90.61405504246281,52.51881694722471,1052.888257162881,19114786469.247814
comprehensive,2071098810.4904242,75.33691513512044,38.0952380952381,90.31730527120797,52.22206717596987,1019.9333226513984,19252998246.926804
elder_care_focus,2074188676.7756271,75.34562834113574,38.0952380952381,90.76669273729901,52.67145464206091,1071.553232364423,19281721737.567898
