,population_change_total_pct,population_change_annual_pct,aging_ratio_2024_pct,aging_ratio_final_pct,aging_ratio_change_pct,dependency_ratio_final,final_population_millions
baseline,-31.9909125185807,-1.2768740652204014,29.994096673742142,98.84404239278994,68.84994571904781,9359.614800722124,83.72155272578082
work_leave_30_70,-35.9958917270043,-1.4764024136291631,29.994096673742142,98.97304688561704,68.97895021187489,10510.459189940415,78.79128398698471
work_leave_50_50,-35.940577040404584,-1.4735653422291994,29.994096673742142,98.96725815075504,68.9731614770129,10451.97375665541,78.8593782905869
work_leave_70_30,-35.890523191055344,-1.4710001376302628,29.994096673742142,98.9675970051447,68.97350033140256,10455.036672820874,78.92099632050923
immigration_focused,-30.38765339001923,-1.2001673128187784,29.994096673742142,98.57373607915054,68.57963940540839,7587.40689374601,85.69522049042509
work_life_balance,-27.471465752394288,-1.0649228683260015,29.994096673742142,97.51882727275807,67.52473059901592,4399.59207433467,89.28514892650931
regional_development,-27.897195571863552,-1.0843357203855986,29.994096673742142,98.22494062066629,68.23084394692415,6125.5460237256775,88.76106070760223
comprehensive,-23.404119924027732,-0.8848185540323406,29.994096673742142,97.18220210022052,67.18810542647839,3874.0994154677282,94.29219314418992
elder_care_focus,-22.59904060677553,-0.8502679675154057,29.994096673742142,98.50884825307085,68.5147515793287,7296.138623722876,95.28327379243683
