,population_change_total_pct,population_change_annual_pct,aging_ratio_2024_pct,aging_ratio_final_pct,aging_ratio_change_pct,dependency_ratio_final,final_population_millions
baseline,1014526.7009502219,36.00145131845005,38.0952380952381,96.16085557417425,58.06561747893615,2722.456488608869,9432000.565368492
pro_natalist,1040372.7473953264,36.11553369163385,38.0952380952381,95.1849921490743,57.0897540538362,2179.3545314459157,9672266.19651585
immigration_focused,1022502.9828367351,36.036954860410496,38.0952380952381,95.9654375223837,57.87019942714559,2589.001086895499,9506148.323546624
work_life_balance,1035151.9037181551,36.09271178716409,38.0952380952381,95.37749511060156,57.282257015363456,2268.5780595998062,9623733.075449094
regional_development,1033456.0631131417,36.08527480586658,38.0952380952381,95.75169365382332,57.65645555858522,2464.2691453868592,9607968.48978396
comprehensive,1051543.2247051818,36.163993738697386,38.0952380952381,95.22845254687516,57.13321445163706,2197.8117032721775,9776107.292165432
elder_care_focus,1055440.9513393359,36.18078592235741,38.0952380952381,95.94788046433321,57.85264236909511,2585.748573433468,9812340.677096622
