,population_change_total_pct,population_change_annual_pct,aging_ratio_2024_pct,aging_ratio_final_pct,aging_ratio_change_pct,dependency_ratio_final,final_population_millions
baseline,-31.29744429561247,-1.2434833393368039,29.994096673742142,98.82335160595382,68.82925493221168,9199.539651548494,84.5752362340142
skill_transfer,-19.639763577465498,-0.7261861136710124,29.994096673742142,97.2650818330007,67.27098515925857,3998.828291421646,98.92624676876534
three_gen_housing,-17.284833041946072,-0.6305609126296852,29.994096673742142,96.96374951135616,66.969652837614,3609.308025988855,101.82524818602309
work_life_balance,-26.456909862245197,-1.0191005885560656,29.994096673742142,97.3960883753833,67.40199170164115,4195.0873950506,90.53410252368226
regional_development,-26.29162393476095,-1.0116934098935437,29.994096673742142,97.99350183871682,67.99940516497469,5429.204436672942,90.7375752507128
comprehensive,-21.39922595021201,-0.7994163310163893,29.994096673742142,96.88757686801993,66.8934801942778,3511.25290098358,96.76028737621843
elder_care_focus,-20.028554920874598,-0.742233578572038,29.994096673742142,98.42256551328063,68.42846883953848,6908.047647757415,98.44763109897791
