,population_change_total_pct,population_change_annual_pct,aging_ratio_2024_pct,aging_ratio_final_pct,aging_ratio_change_pct,dependency_ratio_final,final_population_millions
baseline,-31.981209931972455,-1.276404616371174,29.994096673742142,98.84474804350684,68.8506513697647,9365.203784655994,83.73349694744857
child_care_30_70,-35.795805673705914,-1.4661512629929652,29.994096673742142,98.90134085539634,68.90724418165419,9832.451640142019,79.03759687958882
child_care_50_50,-35.92389066910945,-1.4727099688665701,29.994096673742142,98.9384171146695,68.94432044092736,10170.739912069968,78.87991979417006
child_care_70_30,-36.093127245677145,-1.4813953402902036,29.994096673742142,98.9831415574164,68.98904488367427,10611.361854853807,78.67158368067474
immigration_focused,-30.338090365928633,-1.19782331572319,29.994096673742142,98.57037233075991,68.57627565701776,7569.853099189092,85.75623429737823
work_life_balance,-27.491518381410174,-1.0658347731277384,29.994096673742142,97.51913708052761,67.52504040678548,4400.180831108519,89.2604634425598
regional_development,-27.85326144713558,-1.082327248447934,29.994096673742142,98.222026025506,68.22792935176386,6115.5621563103605,88.81514514361055
comprehensive,-23.442301838935105,-0.8864658660952318,29.994096673742142,97.17670189035833,67.1826052166162,3866.6287105305196,94.24518987859012
elder_care_focus,-22.60797429598884,-0.8506494538762399,29.994096673742142,98.50938253251724,68.51528585877509,7298.751864571391,95.2722761102122
