,population_change_total_pct,population_change_annual_pct,aging_ratio_2024_pct,aging_ratio_final_pct,aging_ratio_change_pct,dependency_ratio_final,final_population_millions
baseline,11916965147.030632,85.86838373011922,38.0952380952381,89.3814618462831,51.286223751045,916.0199592557208,110780470139.6125
pro_natalist,11975721342.838564,85.89885842884651,38.0952380952381,89.09916116433055,51.00392306909245,891.6222141486063,111326669516.74332
immigration_focused,11939667274.20405,85.8801756787859,38.0952380952381,89.31405840346933,51.21882030823123,909.8194552948481,110991509801.91806
work_life_balance,11965470375.796335,85.89355204867968,38.0952380952381,89.14448926668473,51.04925117144663,895.4499815022315,111231376216.41196
regional_development,11962732348.605082,85.8921339740541,38.0952380952381,89.25825411770634,51.16301602246824,905.214876193419,111205923432.65245
comprehensive,12003001539.618269,85.91295857347507,38.0952380952381,89.11746301451892,51.022224919280816,893.1465093171024,111580267052.87022
elder_care_focus,12011918920.943539,85.91756092705607,38.0952380952381,89.33638301302594,51.241144917787835,912.4323152121962,111663163299.95576
