,population_change_total_pct,population_change_annual_pct,aging_ratio_2024_pct,aging_ratio_final_pct,aging_ratio_change_pct,dependency_ratio_final,final_population_millions
baseline,-31.12733304634242,-1.235342195361988,29.994096673742142,98.76978331078465,68.7756866370425,8804.754263236817,84.78464910003599
integrated_approach,-6.535222922170057,-0.22503154490881583,29.994096673742142,94.10233608696372,64.10823941322158,1856.702898966716,115.05839222240346
economic_partnership,-14.56413342317227,-0.5233065887525479,29.994096673742142,96.19991005393474,66.20581338019261,2883.162023036705,105.17452406987339
skill_transfer,-18.651547512295753,-0.6857326344562376,29.994096673742142,96.96788475273006,66.97378807898792,3609.5724612578515,100.1427751250262
three_gen_housing,-16.014368420051785,-0.5800593031793921,29.994096673742142,96.56214451738799,66.56804784364584,3190.1792438010625,103.38923433503916
work_life_balance,-25.781543019905296,-0.9889352894960957,29.994096673742142,97.17086101961915,67.17676434587702,3863.7267780640473,91.36550260261514
regional_development,-25.81513709927669,-0.9904294881109887,29.994096673742142,97.86009971789925,67.86600304415711,5094.479492430006,91.32414712217093
comprehensive,-20.414101510366745,-0.7582217638705924,29.994096673742142,96.5496066341505,66.55550996040836,3168.8716869955065,97.97300983414722
elder_care_focus,-19.61227509642485,-0.7250543618652738,29.994096673742142,98.31274013059611,68.31864345685398,6464.215322273096,98.96008604525063
