,population_change_total_pct,population_change_annual_pct,aging_ratio_2024_pct,aging_ratio_final_pct,aging_ratio_change_pct,dependency_ratio_final,final_population_millions
baseline,-31.991853029760154,-1.276919574248525,29.994096673742142,98.84102588328342,68.84692920954129,9335.465634358847,83.72039492379854
emergency_protocol,-6.391162378997225,-0.21990913788902944,29.994096673742142,93.94844376636473,63.95434709262259,1801.951720011125,115.23573576291551
