,population_change_total_pct,population_change_annual_pct,aging_ratio_2024_pct,aging_ratio_final_pct,aging_ratio_change_pct,dependency_ratio_final,final_population_millions
baseline,-31.108768820384235,-1.2344549296870233,29.994096673742142,98.76926494511487,68.77516827137273,8801.085872706404,84.80750230803994
economic_partnership,-14.624852810960926,-0.5256640060617657,29.994096673742142,96.20707714803153,66.2129804742894,2888.5403118985137,105.09977639107805
skill_transfer,-18.63297520559854,-0.6849769177539211,29.994096673742142,96.96541423811432,66.97131756437219,3606.6731128647134,100.16563828070102
three_gen_housing,-16.02399916960144,-0.5804393450204337,29.994096673742142,96.56690870244174,66.57281202869959,3194.652844163396,103.37737854728975
work_life_balance,-25.807086032425246,-0.9900713328982125,29.994096673742142,97.17357042473168,67.17947375098953,3867.3152900083232,91.33405826556167
regional_development,-25.823251553443242,-0.9907905011568685,29.994096673742142,97.85647003109203,67.8623733573499,5085.828931262766,91.31415794679003
comprehensive,-20.384025683368403,-0.7569718634215628,29.994096673742142,96.5451342754435,66.55103760170135,3164.778711623887,98.0100342235202
elder_care_focus,-19.60647470393495,-0.7248155967351733,29.994096673742142,98.31336446302394,68.31926778928181,6466.624853608639,98.96722653020136
