,population_change_total_pct,population_change_annual_pct,aging_ratio_2024_pct,aging_ratio_final_pct,aging_ratio_change_pct,dependency_ratio_final,final_population_millions
baseline,-32.03549287222871,-1.2790318684516189,29.994096673742142,98.84347682869728,68.84938015495513,9354.917536817753,83.66667275948963
delayed_intervention,-26.644865951440224,-1.0275432953225971,29.994096673742142,97.73175109807582,67.73765442433367,4815.108556318895,90.30272203889085
