,population_change_total_pct,population_change_annual_pct,aging_ratio_2024_pct,aging_ratio_final_pct,aging_ratio_change_pct,dependency_ratio_final,final_population_millions
baseline,-31.97233575977932,-1.27597530610577,29.994096673742142,98.84245424547399,68.84835757173184,9346.882912732128,83.74442136215076
housing_tax_30_70,-36.416937345033304,-1.4980757090539365,29.994096673742142,99.09438965509409,69.10029298135194,11895.867914071097,78.27296218301395
housing_tax_50_50,-36.25857906458071,-1.4899079947441773,29.994096673742142,99.077287984295,69.08319131055285,11678.664550295438,78.46790673553566
housing_tax_70_30,-36.09321800616723,-1.4814000041615483,29.994096673742142,99.06218258037329,69.06808590663115,11493.55191854524,78.6714719513539
immigration_focused,-30.34282948615214,-1.198047374462985,29.994096673742142,98.57390527735079,68.57980860360865,7588.370740674822,85.7504002755091
work_life_balance,-27.487533553756432,-1.0656535413981372,29.994096673742142,97.52627839178531,67.53218171804318,4412.787148733242,89.2653689040337
regional_development,-27.915658273459858,-1.0851801056893096,29.994096673742142,98.22455901519648,68.23046234145434,6124.127748282749,88.73833247961979
comprehensive,-23.419431737009436,-0.8854790681373181,29.994096673742142,97.18130827811044,67.18721160436829,3872.8992453336446,94.27334376971147
elder_care_focus,-22.59749568816866,-0.8502020007240652,29.994096673742142,98.51014264135607,68.51604596761393,7302.359530896635,95.2851756409896
