,population_change_total_pct,population_change_annual_pct,aging_ratio_2024_pct,aging_ratio_final_pct,aging_ratio_change_pct,dependency_ratio_final,final_population_millions
baseline,-31.3193250882278,-1.2445319192336601,29.994096673742142,98.82016116895898,68.82606449521683,9175.070747166403,84.54830021707195
three_gen_housing,-17.32022117444392,-0.6319783174296378,29.994096673742142,96.97989987711357,66.98580320337143,3628.8255714588063,101.7816841637651
pro_natalist,-24.747877727201857,-0.9432765697947154,29.994096673742142,96.80925892747833,66.81516225373619,3429.127045335297,92.6379805391486
work_life_balance,-26.53766198821464,-1.0227252948498466,29.994096673742142,97.41155005743434,67.41745338369219,4220.360135791249,90.43469384724742
regional_development,-26.28007681107199,-1.0111765334583356,29.994096673742142,97.99667710354359,68.00258042980144,5438.122939623836,90.75179016169832
comprehensive,-21.467184431501018,-0.8022764978587338,29.994096673742142,96.9046861281137,66.91058945437155,3531.1245143666033,96.6766281214761
elder_care_focus,-20.03542520719867,-0.7425178290282441,29.994096673742142,98.41934655212306,68.42524987838092,6894.490594346462,98.4391735374957
