,population_change_total_pct,population_change_annual_pct,aging_ratio_2024_pct,aging_ratio_final_pct,aging_ratio_change_pct,dependency_ratio_final,final_population_millions
baseline,-31.992674278423443,-1.276959312953696,29.994096673742142,98.84303193711212,68.84893526336998,9351.472663082557,83.71938393812279
phased_implementation,-20.031702109020898,-0.7423637870514921,29.994096673742142,96.131631695776,66.13753502203386,2832.8961917093848,98.44375680087913
