,population_change_total_pct,population_change_annual_pct,aging_ratio_2024_pct,aging_ratio_final_pct,aging_ratio_change_pct,dependency_ratio_final,final_population_millions
baseline,-31.99288982244609,-1.2769697428074767,29.994096673742142,98.84364637852168,68.84954970477955,9356.467414432298,83.71911859593213
pro_natalist,-26.18137545375126,-1.006761619200014,29.994096673742142,97.10252613078464,67.10842945704249,3772.1462770838,90.87329496638037
immigration_focused,-30.352655069163383,-1.1985119607463957,29.994096673742142,98.57340524401704,68.57930857027489,7585.6662877594445,85.73830464099022
work_life_balance,-27.540782134874554,-1.0680761061150013,29.994096673742142,97.53303319043617,67.53893651669404,4424.771289928787,89.19981804815916
regional_development,-27.905184104690363,-1.0847010475299235,29.994096673742142,98.22353734706715,68.229440673325,6120.649500599236,88.75122654577136
comprehensive,-23.389818960598216,-0.8842017607674113,29.994096673742142,97.17044327025846,67.17634659651631,3858.124025540826,94.30979812770218
elder_care_focus,-22.592768048415994,-0.8500001421867798,29.994096673742142,98.50575234587549,68.51165567213334,7281.3144400904475,95.29099552999972
