{
  "baseline": {
    "population_decline_pct": 1014514.7835748905,
    "annual_decline_rate": 36.001398070966985,
    "final_aging_ratio_pct": 96.16151500185451,
    "final_dependency_ratio": 2722.9120491526733,
    "policy_effectiveness_pct": 0.0,
    "final_population_millions": 9431889.781086197
  },
  "pro_natalist": {
    "population_decline_pct": 1040498.459207839,
    "annual_decline_rate": 36.11608185051385,
    "final_aging_ratio_pct": 95.18483522881363,
    "final_dependency_ratio": 2179.2815497651673,
    "policy_effectiveness_pct": 2.5609399797426287,
    "final_population_millions": 9673434.817335293
  },
  "immigration_focused": {
    "population_decline_pct": 1022358.6253612231,
    "annual_decline_rate": 36.036314687187776,
    "final_aging_ratio_pct": 95.96226574605502,
    "final_dependency_ratio": 2586.989468583948,
    "policy_effectiveness_pct": 0.7730856984653465,
    "final_population_millions": 9504806.37207879
  },
  "work_life_balance": {
    "population_decline_pct": 1035111.5328847709,
    "annual_decline_rate": 36.09253488079214,
    "final_aging_ratio_pct": 95.38165527842192,
    "final_dependency_ratio": 2270.560108948696,
    "policy_effectiveness_pct": 2.0300068206487047,
    "final_population_millions": 9623357.786958314
  },
  "regional_development": {
    "population_decline_pct": 1033372.3454891124,
    "annual_decline_rate": 36.08490736306964,
    "final_aging_ratio_pct": 95.7540277433264,
    "final_dependency_ratio": 2465.6101051281435,
    "policy_effectiveness_pct": 1.858593253271859,
    "final_population_millions": 9607190.248213504
  },
  "comprehensive": {
    "population_decline_pct": 1076031.2951345744,
    "annual_decline_rate": 36.26851046149832,
    "final_aging_ratio_pct": 94.69463212013325,
    "final_dependency_ratio": 1980.3912099197546,
    "policy_effectiveness_pct": 6.0630411221623275,
    "final_population_millions": 10003749.13711048
  },
  "elder_care_focus": {
    "population_decline_pct": 1055455.6811225163,
    "annual_decline_rate": 36.18084926744183,
    "final_aging_ratio_pct": 95.95209774281858,
    "final_dependency_ratio": 2588.4007472781236,
    "policy_effectiveness_pct": 4.03511738744579,
    "final_population_millions": 9812477.605607528
  }
}