,population_change_total_pct,population_change_annual_pct,aging_ratio_2024_pct,aging_ratio_final_pct,aging_ratio_change_pct,dependency_ratio_final,final_population_millions
baseline,1014514.7835748905,36.001398070966985,38.0952380952381,96.16151500185451,58.06627690661641,2722.9120491526733,9431889.781086197
pro_natalist,1040498.459207839,36.11608185051385,38.0952380952381,95.18483522881363,57.08959713357552,2179.2815497651673,9673434.817335293
immigration_focused,1022358.6253612231,36.036314687187776,38.0952380952381,95.96226574605502,57.86702765081692,2586.989468583948,9504806.37207879
work_life_balance,1035111.5328847709,36.09253488079214,38.0952380952381,95.38165527842192,57.286417183183815,2270.560108948696,9623357.786958314
regional_development,1033372.3454891124,36.08490736306964,38.0952380952381,95.7540277433264,57.6587896480883,2465.6101051281435,9607190.248213504
comprehensive,1076031.2951345744,36.26851046149832,38.0952380952381,94.69463212013325,56.59939402489515,1980.3912099197546,10003749.13711048
elder_care_focus,1055455.6811225163,36.18084926744183,38.0952380952381,95.95209774281858,57.85685964758048,2588.4007472781236,9812477.605607528
