,population_change_total_pct,population_change_annual_pct,aging_ratio_2024_pct,aging_ratio_final_pct,aging_ratio_change_pct,dependency_ratio_final,final_population_millions
baseline,-31.98627981949721,-1.2766499091580008,29.994096673742142,98.84385902354666,68.84976234980451,9358.085270997042,83.72725573952421
early_intervention,-21.869103813120734,-0.8192411437223046,29.994096673742142,97.36841675241958,67.37432007867744,4121.614551376851,96.18185137992694
